team_id_1,team_id_2,team_1_name,team_2_name,total_matches,team_1_wins,draws,team_2_wins,team_1_goals,team_2_goals,team_1_avg_goals,team_2_avg_goals,last_meeting_date,last_5_results
3106,3121,Legia Warszawa,Lech Poznań,42,18,11,13,45,38,1.07,0.90,2025-10-26,X (0-0) | 2 (0-1) | 2 (2-5) | 1 (2-1) | X (0-0)
3121,7691,Lech Poznań,Jagiellonia Białystok,40,16,8,16,68,53,1.70,1.33,2025-09-28,X (2-2) | 2 (1-2) | 1 (5-0) | 1 (2-1) | X (3-3)
3106,7913,Legia Warszawa,KS Lechia Gdańsk,39,22,7,10,53,33,1.36,0.85,2025-11-22,X (2-2) | 1 (2-1) | 1 (2-0) | 2 (0-1) | 1 (2-1)
3106,7691,Legia Warszawa,Jagiellonia Białystok,39,14,15,10,55,34,1.41,0.87,2025-09-24,X (0-0) | 2 (0-1) | X (1-1) | X (1-1) | 2 (0-2)
3121,7913,Lech Poznań,KS Lechia Gdańsk,38,24,5,9,65,32,1.71,0.84,2025-07-26,1 (4-3) | 2 (0-1) | 1 (3-1) | 1 (5-0) | 1 (3-0)
3108,7691,Śląsk Wrocław,Jagiellonia Białystok,38,14,13,11,59,50,1.55,1.32,2025-05-16,X (1-1) | X (2-2) | 2 (1-3) | 1 (2-1) | X (1-1)
3106,4901,Legia Warszawa,Cracovia,36,23,7,6,61,30,1.69,0.83,2025-08-31,2 (1-2) | 2 (1-3) | 1 (3-2) | 2 (0-2) | 1 (2-0)
7691,7913,Jagiellonia Białystok,KS Lechia Gdańsk,36,14,6,16,48,57,1.33,1.58,2025-08-31,1 (2-0) | 2 (0-1) | 1 (3-2) | 1 (1-0) | X (2-2)
4901,7691,Cracovia,Jagiellonia Białystok,36,10,11,15,46,52,1.28,1.44,2025-08-10,2 (2-5) | X (2-2) | 1 (4-2) | 1 (3-1) | 2 (2-4)
3121,4901,Lech Poznań,Cracovia,36,16,10,10,57,38,1.58,1.06,2025-07-18,2 (1-4) | 1 (2-1) | 1 (2-0) | X (0-0) | X (1-1)
3108,4901,Śląsk Wrocław,Cracovia,36,17,11,8,55,43,1.53,1.19,2025-04-12,1 (4-2) | 2 (2-4) | 1 (4-0) | 1 (1-0) | X (1-1)
3108,3121,Śląsk Wrocław,Lech Poznań,36,10,10,16,38,49,1.06,1.36,2025-03-29,1 (3-1) | 2 (0-1) | X (0-0) | 1 (3-1) | 1 (2-1)
4901,7918,Cracovia,Piast Gliwice,35,11,10,14,45,48,1.29,1.37,2025-08-24,X (0-0) | X (0-0) | X (0-0) | X (1-1) | 2 (1-2)
3106,3108,Legia Warszawa,Śląsk Wrocław,35,19,10,6,57,26,1.63,0.74,2025-03-02,1 (3-1) | X (1-1) | X (0-0) | 2 (0-4) | 1 (3-1)
3113,7691,Zagłębie Lubin,Jagiellonia Białystok,34,11,8,15,38,44,1.12,1.29,2025-11-30,X (0-0) | 1 (3-1) | 2 (1-3) | 2 (1-2) | 2 (0-3)
3110,7691,Górnik Zabrze,Jagiellonia Białystok,34,12,6,16,47,50,1.38,1.47,2025-10-26,1 (2-1) | X (1-1) | 2 (0-2) | 1 (2-1) | 2 (1-4)
3106,3110,Legia Warszawa,Górnik Zabrze,34,21,7,6,71,40,2.09,1.18,2025-10-05,2 (1-3) | 1 (2-1) | X (1-1) | 1 (3-1) | 1 (2-1)
3113,3121,Zagłębie Lubin,Lech Poznań,34,11,10,13,37,43,1.09,1.26,2025-09-12,1 (2-1) | 2 (1-3) | 2 (0-1) | 2 (0-2) | X (1-1)
4901,7913,Cracovia,KS Lechia Gdańsk,34,16,5,13,48,44,1.41,1.29,2025-08-03,X (2-2) | 2 (0-2) | 1 (2-1) | 1 (2-1) | 2 (0-1)
3108,7918,Śląsk Wrocław,Piast Gliwice,34,9,10,15,41,47,1.21,1.38,2025-02-03,2 (1-3) | 2 (0-2) | X (2-2) | 1 (1-0) | 2 (0-1)
3108,7913,Śląsk Wrocław,KS Lechia Gdańsk,34,11,13,10,41,41,1.21,1.21,2024-12-07,2 (0-1) | X (0-0) | 1 (2-1) | 2 (0-2) | X (1-1)
3113,4901,Zagłębie Lubin,Cracovia,33,6,15,12,35,41,1.06,1.24,2025-11-03,X (0-0) | 2 (1-2) | X (1-1) | X (1-1) | 2 (1-2)
3106,3113,Legia Warszawa,Zagłębie Lubin,33,21,5,7,69,34,2.09,1.03,2025-10-19,2 (1-3) | 1 (3-0) | 1 (2-1) | 1 (3-0) | 1 (2-1)
7913,7918,KS Lechia Gdańsk,Piast Gliwice,33,16,6,11,46,37,1.39,1.12,2025-10-19,1 (2-1) | 1 (3-1) | X (3-3) | 2 (1-0) | 2 (1-3)
3106,3117,Legia Warszawa,Pogoń Szczecin,33,17,6,10,54,35,1.64,1.06,2025-09-28,1 (1-0) | X (0-0) | 2 (0-1) | X (1-1) | 1 (4-3)
7691,7918,Jagiellonia Białystok,Piast Gliwice,33,11,11,11,36,37,1.09,1.12,2025-09-13,X (1-1) | X (1-1) | 1 (1-0) | X (1-1) | X (0-0)
3108,3110,Śląsk Wrocław,Górnik Zabrze,33,7,13,13,42,49,1.27,1.48,2025-05-09,2 (0-2) | 2 (0-1) | 2 (0-2) | X (1-1) | 2 (0-2)
3106,7918,Legia Warszawa,Piast Gliwice,33,17,7,9,54,33,1.64,1.00,2025-02-08,2 (0-1) | 2 (1-2) | 1 (3-1) | X (1-1) | 1 (1-0)
3117,3121,Pogoń Szczecin,Lech Poznań,32,6,12,14,35,46,1.09,1.44,2025-10-19,X (2-2) | 2 (0-3) | 2 (0-2) | 2 (0-1) | 1 (5-0)
5065,7691,MKS Korona Kielce,Jagiellonia Białystok,32,8,9,15,42,61,1.31,1.91,2025-10-05,2 (1-3) | 1 (3-1) | 2 (1-3) | 2 (0-3) | X (2-2)
3117,7913,Pogoń Szczecin,KS Lechia Gdańsk,32,12,9,11,44,43,1.38,1.34,2025-09-21,2 (3-4) | X (3-3) | 1 (3-0) | 1 (1-0) | 1 (2-1)
3110,3121,Górnik Zabrze,Lech Poznań,32,7,9,16,34,55,1.06,1.72,2025-08-02,2 (1-2) | 1 (2-1) | X (0-0) | X (1-1) | 1 (1-0)
3121,7918,Lech Poznań,Piast Gliwice,32,18,8,6,55,23,1.72,0.72,2025-05-24,1 (1-0) | X (0-0) | 2 (0-1) | X (1-1) | 1 (1-0)
3111,7691,Wisła Kraków,Jagiellonia Białystok,32,12,9,11,45,38,1.41,1.19,2022-05-07,X (0-0) | 2 (1-3) | 1 (2-0) | X (1-1) | 1 (3-0)
3111,3121,Wisła Kraków,Lech Poznań,32,7,10,15,27,47,0.84,1.47,2022-03-13,X (1-1) | 2 (0-5) | 2 (1-2) | 1 (1-0) | X (1-1)
3106,3111,Legia Warszawa,Wisła Kraków,32,17,8,7,48,31,1.50,0.97,2022-02-25,1 (2-1) | 2 (0-1) | X (0-0) | 1 (2-1) | 1 (3-1)
3117,7691,Pogoń Szczecin,Jagiellonia Białystok,31,10,10,11,37,40,1.19,1.29,2025-11-09,2 (1-2) | X (1-1) | X (1-1) | X (2-2) | 1 (2-1)
3117,7918,Pogoń Szczecin,Piast Gliwice,31,12,11,8,29,24,0.94,0.77,2025-10-03,1 (2-1) | 2 (1-2) | 1 (1-0) | 2 (0-2) | X (0-0)
3113,7918,Zagłębie Lubin,Piast Gliwice,31,7,11,13,29,42,0.94,1.35,2025-08-30,X (2-2) | 2 (0-1) | 2 (0-1) | 2 (0-2) | X (1-1)
3121,5065,Lech Poznań,MKS Korona Kielce,31,18,8,5,48,22,1.55,0.71,2025-08-16,X (1-1) | 1 (2-0) | 1 (3-2) | 2 (1-2) | 1 (1-0)
3113,7913,Zagłębie Lubin,KS Lechia Gdańsk,31,8,9,14,44,53,1.42,1.71,2025-08-15,1 (6-2) | 2 (1-3) | X (1-1) | 1 (3-1) | 2 (0-3)
3110,7913,Górnik Zabrze,KS Lechia Gdańsk,31,6,13,12,33,44,1.06,1.42,2025-07-20,1 (2-1) | 1 (2-1) | 2 (2-3) | X (1-1) | 2 (1-2)
3108,3111,Śląsk Wrocław,Wisła Kraków,31,13,7,11,37,31,1.19,1.00,2022-04-18,X (1-1) | 1 (5-0) | X (1-1) | 1 (3-1) | 1 (2-1)
3111,7913,Wisła Kraków,KS Lechia Gdańsk,31,12,10,9,50,34,1.61,1.10,2022-03-05,X (1-1) | X (2-2) | 2 (0-2) | 2 (1-3) | 2 (0-1)
3106,5065,Legia Warszawa,MKS Korona Kielce,30,21,5,4,65,29,2.17,0.97,2025-07-27,1 (2-0) | X (1-1) | 1 (1-0) | X (3-3) | 1 (1-0)
3108,3113,Śląsk Wrocław,Zagłębie Lubin,30,13,7,10,40,42,1.33,1.40,2025-05-03,1 (3-1) | 2 (0-3) | 1 (2-1) | 2 (0-3) | X (0-0)
3108,5065,Śląsk Wrocław,MKS Korona Kielce,30,6,13,11,33,37,1.10,1.23,2025-02-22,2 (0-2) | X (1-1) | X (0-0) | X (1-1) | 2 (1-3)
3110,3113,Górnik Zabrze,Zagłębie Lubin,29,13,4,12,45,41,1.55,1.41,2025-11-07,2 (0-2) | 2 (1-2) | 2 (0-1) | 1 (2-1) | 2 (0-2)
3117,4901,Pogoń Szczecin,Cracovia,29,13,8,8,47,39,1.62,1.34,2025-10-25,1 (2-1) | 1 (5-2) | 2 (1-2) | 1 (3-1) | 1 (5-1)
3110,5065,Górnik Zabrze,MKS Korona Kielce,29,11,12,6,45,32,1.55,1.10,2025-10-18,X (1-1) | X (1-1) | 1 (4-2) | 1 (3-1) | 1 (1-0)
3113,5065,Zagłębie Lubin,MKS Korona Kielce,29,11,12,6,38,26,1.31,0.90,2025-08-01,X (1-1) | X (1-1) | 2 (0-2) | 1 (1-0) | 2 (0-2)
3108,3117,Śląsk Wrocław,Pogoń Szczecin,29,10,12,7,40,32,1.38,1.10,2025-03-07,X (1-1) | 2 (3-5) | 2 (0-1) | 1 (2-0) | 1 (2-0)
3110,3111,Górnik Zabrze,Wisła Kraków,29,12,6,11,37,42,1.28,1.45,2022-04-10,2 (1-4) | 2 (0-1) | X (0-0) | X (0-0) | 2 (0-1)
4901,5065,Cracovia,MKS Korona Kielce,28,11,9,8,40,28,1.43,1.00,2025-11-29,1 (1-0) | X (1-1) | 1 (2-0) | X (1-1) | X (0-0)
5065,7913,MKS Korona Kielce,KS Lechia Gdańsk,28,13,7,8,38,27,1.36,0.96,2025-09-27,1 (3-0) | 2 (2-3) | X (0-0) | 1 (1-0) | 1 (1-0)
3110,4901,Górnik Zabrze,Cracovia,28,8,6,14,28,44,1.00,1.57,2025-09-27,X (1-1) | 2 (0-1) | 2 (2-3) | 2 (0-5) | 1 (1-0)
3113,3117,Zagłębie Lubin,Pogoń Szczecin,27,8,8,11,34,36,1.26,1.33,2025-11-24,2 (1-5) | 2 (0-1) | X (2-2) | 1 (2-0) | 1 (1-0)
5065,7918,MKS Korona Kielce,Piast Gliwice,27,8,10,9,26,28,0.96,1.04,2025-10-31,X (0-0) | X (1-1) | 2 (0-2) | X (1-1) | X (0-0)
3110,7918,Górnik Zabrze,Piast Gliwice,27,9,6,11,27,30,1.04,1.15,2025-07-26,1 (1-0) | 2 (0-2) | 1 (1-0) | 1 (3-1) | X (0-0)
3111,5065,Wisła Kraków,MKS Korona Kielce,27,10,9,8,42,30,1.56,1.11,2020-07-11,X (1-1) | 1 (2-0) | X (1-1) | 1 (1-0) | 1 (6-2)
3110,3117,Górnik Zabrze,Pogoń Szczecin,26,10,10,6,36,28,1.38,1.08,2025-08-17,1 (3-0) | 2 (0-3) | 1 (1-0) | 2 (0-1) | 1 (1-0)
3111,4901,Wisła Kraków,Cracovia,25,12,7,6,33,20,1.32,0.80,2022-05-01,X (0-0) | 1 (1-0) | X (0-0) | X (1-1) | 1 (2-0)
3111,3113,Wisła Kraków,Zagłębie Lubin,25,12,3,10,39,38,1.56,1.52,2021-12-11,2 (1-2) | 2 (1-4) | 2 (1-2) | 2 (1-3) | 1 (1-0)
3111,7918,Wisła Kraków,Piast Gliwice,24,9,7,8,32,30,1.33,1.25,2022-04-03,X (2-2) | 2 (0-1) | 1 (3-2) | 2 (3-4) | 2 (0-4)
3117,5065,Pogoń Szczecin,MKS Korona Kielce,23,8,11,4,31,25,1.35,1.09,2025-09-13,2 (0-1) | X (0-0) | X (2-2) | 1 (3-1) | X (0-0)
3111,3117,Wisła Kraków,Pogoń Szczecin,23,10,5,8,36,30,1.57,1.30,2022-03-18,2 (1-4) | 2 (0-1) | 1 (2-1) | X (2-2) | 1 (1-0)
3105,3121,Ruch Chorzów,Lech Poznań,22,4,4,14,18,48,0.82,2.18,2024-05-03,1 (2-1) | 2 (0-2) | 2 (0-3) | 2 (0-5) | 2 (0-3)
3105,3106,Ruch Chorzów,Legia Warszawa,22,6,3,13,15,34,0.68,1.55,2024-02-09,2 (0-1) | 2 (0-3) | 1 (3-1) | 2 (0-2) | X (0-0)
3105,4901,Ruch Chorzów,Cracovia,21,10,3,8,33,23,1.57,1.10,2024-05-25,1 (2-0) | X (4-4) | 2 (0-2) | 2 (0-1) | X (1-1)
3105,3108,Ruch Chorzów,Śląsk Wrocław,21,6,7,8,21,29,1.00,1.38,2024-04-27,1 (3-2) | X (2-2) | 2 (0-6) | 1 (2-0) | 1 (2-1)
3105,7691,Ruch Chorzów,Jagiellonia Białystok,20,5,4,11,19,32,0.95,1.60,2024-02-24,X (1-1) | 2 (0-1) | 2 (1-2) | 2 (1-4) | 2 (0-4)
3105,7913,Ruch Chorzów,KS Lechia Gdańsk,20,5,9,6,22,25,1.10,1.25,2017-03-11,1 (2-1) | 2 (1-2) | 2 (1-2) | 2 (0-2) | 1 (3-2)
3105,5065,Ruch Chorzów,MKS Korona Kielce,19,8,5,6,26,18,1.37,0.95,2024-05-18,2 (0-2) | X (1-1) | 2 (0-1) | 1 (4-0) | 1 (2-1)
3105,3111,Ruch Chorzów,Wisła Kraków,19,6,5,8,22,27,1.16,1.42,2016-12-16,1 (1-0) | 1 (2-1) | 2 (2-3) | X (0-0) | 2 (1-2)
3113,3122,Zagłębie Lubin,Wisła Płock,18,6,3,9,24,31,1.33,1.72,2025-08-25,2 (1-2) | 2 (0-2) | 1 (2-1) | 1 (3-1) | 2 (0-4)
3105,7918,Ruch Chorzów,Piast Gliwice,18,7,5,6,18,18,1.00,1.00,2024-03-01,1 (3-0) | X (0-0) | 2 (0-3) | X (0-0) | 2 (1-2)
4901,5064,Cracovia,MZKS Arka Gdynia,17,6,5,6,18,17,1.06,1.00,2025-10-04,2 (1-2) | 1 (1-0) | 1 (3-1) | 1 (3-0) | X (0-0)
3105,3110,Ruch Chorzów,Górnik Zabrze,17,5,5,7,16,17,0.94,1.00,2024-03-16,2 (1-2) | 2 (0-1) | 1 (2-0) | 1 (1-0) | X (2-2)
3105,3113,Ruch Chorzów,Zagłębie Lubin,17,6,6,5,20,24,1.18,1.41,2023-12-08,X (2-2) | X (1-1) | 1 (1-0) | 2 (1-2) | 2 (1-4)
3108,5064,Śląsk Wrocław,MZKS Arka Gdynia,17,8,3,6,31,22,1.82,1.29,2020-06-07,2 (1-2) | 1 (2-1) | 1 (4-0) | 1 (2-0) | 2 (1-2)
3121,3122,Lech Poznań,Wisła Płock,16,10,3,3,26,11,1.63,0.69,2025-11-30,X (0-0) | 1 (1-0) | 2 (1-3) | 1 (1-0) | 1 (4-1)
3115,5065,Widzew Łódź,MKS Korona Kielce,16,7,4,5,20,18,1.25,1.13,2025-11-23,2 (1-3) | 2 (1-2) | 2 (0-1) | 1 (3-1) | X (1-1)
3110,3122,Górnik Zabrze,Wisła Płock,16,5,5,6,26,22,1.63,1.38,2025-11-21,X (1-1) | 1 (3-2) | X (1-1) | 2 (2-3) | 1 (4-2)
3122,7691,Wisła Płock,Jagiellonia Białystok,16,6,4,6,25,24,1.56,1.50,2025-09-19,2 (0-1) | 2 (2-4) | X (1-1) | 1 (1-0) | 1 (3-0)
5064,7913,MZKS Arka Gdynia,KS Lechia Gdańsk,16,0,4,12,16,29,1.00,1.81,2025-08-24,2 (0-1) | 2 (3-4) | X (2-2) | X (0-0) | 2 (1-2)
3122,7918,Wisła Płock,Piast Gliwice,16,4,3,9,14,22,0.88,1.38,2025-08-01,1 (2-0) | 2 (0-1) | 1 (1-0) | 2 (0-2) | 2 (3-4)
3113,3115,Zagłębie Lubin,Widzew Łódź,16,6,5,5,14,16,0.88,1.00,2025-07-19,2 (0-1) | 1 (2-1) | 2 (0-2) | 1 (3-1) | X (1-1)
3108,3122,Śląsk Wrocław,Wisła Płock,16,8,4,4,23,19,1.44,1.19,2023-05-13,1 (3-1) | 1 (2-1) | 1 (2-1) | 1 (3-1) | X (0-0)
3111,5064,Wisła Kraków,MZKS Arka Gdynia,16,7,2,7,19,19,1.19,1.19,2020-07-18,2 (0-1) | X (0-0) | 2 (0-1) | 2 (1-3) | 2 (1-4)
3121,5064,Lech Poznań,MZKS Arka Gdynia,15,5,7,3,17,9,1.13,0.60,2025-11-09,2 (1-3) | X (1-1) | X (0-0) | 1 (1-0) | 2 (0-1)
3117,3122,Pogoń Szczecin,Wisła Płock,15,6,3,6,20,18,1.33,1.20,2025-11-03,2 (0-2) | 1 (1-0) | X (2-2) | 2 (1-2) | 2 (0-1)
3106,3115,Legia Warszawa,Widzew Łódź,15,10,4,1,25,10,1.67,0.67,2025-11-02,X (1-1) | 1 (2-0) | 1 (2-1) | 2 (0-1) | 1 (3-1)
5064,7918,MZKS Arka Gdynia,Piast Gliwice,15,4,4,7,15,21,1.00,1.40,2025-10-25,1 (2-1) | 2 (0-1) | X (0-0) | 2 (1-2) | 2 (0-1)
5064,7691,MZKS Arka Gdynia,Jagiellonia Białystok,15,2,2,11,13,32,0.87,2.13,2025-10-18,2 (0-4) | 2 (0-2) | 2 (0-3) | 2 (1-3) | 2 (0-2)
3113,5064,Zagłębie Lubin,MZKS Arka Gdynia,15,5,5,5,18,16,1.20,1.07,2025-09-29,1 (4-0) | 2 (2-3) | 2 (1-2) | 1 (2-0) | X (0-0)
3110,3115,Górnik Zabrze,Widzew Łódź,15,8,4,3,28,19,1.87,1.27,2025-09-21,1 (3-2) | X (0-0) | 1 (2-0) | 2 (1-3) | X (1-1)
5064,5065,MZKS Arka Gdynia,MKS Korona Kielce,15,6,4,5,19,13,1.27,0.87,2025-09-20,X (0-0) | X (1-1) | 1 (1-0) | X (1-1) | 1 (2-0)
3115,3121,Widzew Łódź,Lech Poznań,15,3,4,8,13,23,0.87,1.53,2025-08-31,2 (1-2) | 2 (1-4) | 1 (2-1) | X (1-1) | 1 (3-1)
3106,3122,Legia Warszawa,Wisła Płock,15,8,1,6,23,20,1.53,1.33,2025-08-17,2 (0-1) | 1 (2-0) | 2 (1-2) | 2 (0-1) | 1 (5-2)
3106,5064,Legia Warszawa,MZKS Arka Gdynia,15,11,2,2,26,9,1.73,0.60,2025-08-03,X (0-0) | 1 (5-1) | 1 (1-0) | 1 (2-1) | X (1-1)
3115,7691,Widzew Łódź,Jagiellonia Białystok,15,4,4,7,24,24,1.60,1.60,2025-07-27,2 (2-3) | 2 (0-1) | 2 (0-1) | 2 (1-3) | 2 (1-2)
3108,3115,Śląsk Wrocław,Widzew Łódź,15,6,5,4,21,17,1.40,1.13,2025-02-15,1 (3-0) | X (0-0) | 1 (2-1) | 1 (2-0) | 2 (0-1)
3122,4901,Wisła Płock,Cracovia,15,5,3,7,16,20,1.07,1.33,2023-05-27,2 (0-3) | 1 (1-0) | 2 (0-3) | 1 (2-1) | 2 (0-1)
3111,3122,Wisła Kraków,Wisła Płock,15,6,3,6,24,26,1.60,1.73,2022-04-25,2 (3-4) | 2 (0-2) | 1 (3-1) | 2 (0-3) | 1 (1-0)
3122,7913,Wisła Płock,KS Lechia Gdańsk,14,4,2,8,10,19,0.71,1.36,2025-10-03,X (1-1) | 2 (0-1) | 1 (1-0) | 2 (0-1) | 2 (1-3)
3110,35268,Górnik Zabrze,Raków Częstochowa,14,7,3,4,15,12,1.07,0.86,2025-09-15,1 (1-0) | 2 (0-1) | X (0-0) | 1 (1-0) | 1 (2-1)
3115,4901,Widzew Łódź,Cracovia,14,6,6,2,20,13,1.43,0.93,2025-08-15,2 (0-1) | X (1-1) | 1 (3-1) | X (2-2) | 1 (2-0)
3122,5065,Wisła Płock,MKS Korona Kielce,14,7,1,6,23,21,1.64,1.50,2025-07-19,1 (2-0) | 2 (0-1) | 1 (2-1) | 1 (3-1) | 2 (1-4)
3105,3117,Ruch Chorzów,Pogoń Szczecin,14,2,4,8,13,27,0.93,1.93,2024-04-12,2 (0-5) | 2 (0-3) | 2 (1-2) | 2 (1-2) | X (1-1)
3108,7919,Śląsk Wrocław,Podbeskidzie Bielsko-Biała,14,6,8,0,23,13,1.64,0.93,2021-04-20,1 (4-3) | 1 (2-0) | 1 (2-1) | 1 (1-0) | X (1-1)
7691,7919,Jagiellonia Białystok,Podbeskidzie Bielsko-Biała,14,4,5,5,19,25,1.36,1.79,2021-02-20,X (1-1) | X (2-2) | 1 (3-2) | 2 (0-3) | X (1-1)
3115,7913,Widzew Łódź,KS Lechia Gdańsk,13,3,3,7,13,17,1.00,1.31,2025-11-08,2 (1-2) | 1 (2-0) | X (1-1) | X (0-0) | 2 (2-3)
3110,5064,Górnik Zabrze,MZKS Arka Gdynia,13,4,5,4,17,14,1.31,1.08,2025-11-02,1 (5-1) | 1 (2-1) | 1 (2-0) | 2 (0-1) | 1 (1-0)
4901,35268,Cracovia,Raków Częstochowa,13,7,5,1,20,9,1.54,0.69,2025-10-18,1 (2-0) | X (0-0) | 1 (1-0) | 1 (2-0) | X (1-1)
3121,35268,Lech Poznań,Raków Częstochowa,13,4,4,5,21,21,1.62,1.62,2025-09-24,X (2-2) | 2 (0-1) | X (0-0) | 2 (0-4) | 1 (4-1)
3106,35268,Legia Warszawa,Raków Częstochowa,13,4,4,5,20,21,1.54,1.62,2025-09-20,X (1-1) | 2 (2-3) | 2 (0-1) | X (1-1) | 2 (1-2)
3117,35268,Pogoń Szczecin,Raków Częstochowa,13,3,3,7,9,14,0.69,1.08,2025-08-31,1 (2-0) | 1 (1-0) | 2 (0-1) | 2 (1-2) | X (1-1)
3113,35268,Zagłębie Lubin,Raków Częstochowa,13,3,2,8,13,28,1.00,2.15,2025-03-31,2 (0-2) | 2 (1-5) | 1 (2-0) | 2 (0-5) | X (1-1)
3111,7919,Wisła Kraków,Podbeskidzie Bielsko-Biała,13,5,4,4,23,15,1.77,1.15,2021-04-05,2 (0-2) | 1 (3-0) | 1 (4-3) | 2 (1-2) | 1 (6-0)
3110,7919,Górnik Zabrze,Podbeskidzie Bielsko-Biała,13,7,3,3,23,13,1.77,1.00,2021-02-07,2 (1-2) | 1 (4-2) | 1 (1-0) | X (0-0) | 2 (0-2)
5065,7919,MKS Korona Kielce,Podbeskidzie Bielsko-Biała,13,7,5,1,22,14,1.69,1.08,2016-05-06,X (1-1) | X (1-1) | X (0-0) | 1 (3-1) | X (2-2)
3105,3128,Ruch Chorzów,GKS Bełchatów,13,6,1,6,17,16,1.31,1.23,2015-05-25,2 (2-4) | 1 (1-0) | 2 (0-1) | 1 (3-0) | 1 (2-1)
3115,7918,Widzew Łódź,Piast Gliwice,12,7,2,3,18,14,1.50,1.17,2025-11-28,1 (2-0) | 1 (2-0) | 1 (1-0) | 1 (1-0) | 2 (2-3)
7918,35268,Piast Gliwice,Raków Częstochowa,12,4,1,7,9,15,0.75,1.25,2025-11-22,1 (3-1) | 2 (0-3) | 1 (1-0) | 2 (1-3) | 1 (2-1)
7691,35268,Jagiellonia Białystok,Raków Częstochowa,12,3,3,6,18,22,1.50,1.83,2025-11-02,2 (1-2) | 1 (2-1) | X (2-2) | 1 (4-2) | 2 (1-2)
3122,5064,Wisła Płock,MZKS Arka Gdynia,12,4,6,2,16,12,1.33,1.00,2025-08-29,2 (0-1) | X (0-0) | 1 (2-1) | 1 (4-1) | X (1-1)
3108,35268,Śląsk Wrocław,Raków Częstochowa,12,2,4,6,9,20,0.75,1.67,2025-04-25,2 (0-3) | X (0-0) | 1 (2-1) | X (1-1) | 2 (1-4)
3106,7919,Legia Warszawa,Podbeskidzie Bielsko-Biała,12,7,1,4,23,10,1.92,0.83,2021-05-16,1 (1-0) | 2 (0-1) | X (2-2) | 1 (5-0) | 1 (3-0)
7918,7919,Piast Gliwice,Podbeskidzie Bielsko-Biała,12,9,3,0,27,10,2.25,0.83,2021-05-03,1 (2-0) | 1 (5-0) | 1 (3-2) | X (2-2) | 1 (2-1)
3121,7919,Lech Poznań,Podbeskidzie Bielsko-Biała,12,5,3,4,14,12,1.17,1.00,2021-04-23,2 (0-1) | 1 (4-0) | 2 (1-4) | 2 (0-1) | 1 (2-0)
7913,7919,KS Lechia Gdańsk,Podbeskidzie Bielsko-Biała,12,4,3,5,22,17,1.83,1.42,2021-03-06,X (2-2) | 1 (4-0) | 1 (5-0) | X (1-1) | 2 (0-1)
4901,7919,Cracovia,Podbeskidzie Bielsko-Biała,12,5,4,3,21,14,1.75,1.17,2021-02-13,X (1-1) | X (2-2) | 1 (4-1) | 1 (1-0) | 1 (3-0)
3128,7691,GKS Bełchatów,Jagiellonia Białystok,12,4,5,3,13,10,1.08,0.83,2015-04-25,X (0-0) | 1 (1-0) | X (1-1) | X (2-2) | 1 (2-0)
3121,3128,Lech Poznań,GKS Bełchatów,12,5,4,3,19,11,1.58,0.92,2015-04-04,1 (2-1) | 1 (5-0) | X (0-0) | 1 (1-0) | 2 (0-1)
3128,7913,GKS Bełchatów,KS Lechia Gdańsk,12,5,5,2,12,9,1.00,0.75,2015-03-07,2 (0-1) | X (1-1) | X (1-1) | X (1-1) | 2 (1-3)
3111,3128,Wisła Kraków,GKS Bełchatów,12,6,4,2,17,10,1.42,0.83,2015-02-28,2 (1-3) | 1 (1-0) | X (0-0) | 1 (2-1) | X (2-2)
3108,3128,Śląsk Wrocław,GKS Bełchatów,12,6,1,5,13,15,1.08,1.25,2014-12-12,1 (2-1) | 2 (0-2) | 2 (0-1) | 1 (2-1) | 1 (1-0)
3106,3128,Legia Warszawa,GKS Bełchatów,12,5,3,4,14,9,1.17,0.75,2014-11-21,1 (3-0) | 2 (0-1) | X (0-0) | 1 (2-0) | X (1-1)
7913,36851,KS Lechia Gdańsk,Bruk-Bet Termalica Nieciecza,11,5,3,3,18,10,1.64,0.91,2025-11-29,1 (5-1) | 1 (2-0) | 1 (2-0) | 2 (0-1) | X (2-2)
7913,35268,KS Lechia Gdańsk,Raków Częstochowa,11,2,0,9,9,26,0.82,2.36,2025-10-26,2 (1-2) | 2 (1-3) | 2 (1-2) | 2 (0-4) | 2 (0-3)
3117,36851,Pogoń Szczecin,Bruk-Bet Termalica Nieciecza,11,4,5,2,22,14,2.00,1.27,2025-08-02,X (1-1) | X (2-2) | 1 (3-1) | 1 (2-0) | 1 (4-2)
3105,7919,Ruch Chorzów,Podbeskidzie Bielsko-Biała,11,4,4,3,12,12,1.09,1.09,2015-12-05,X (1-1) | X (1-1) | 1 (2-0) | 1 (2-0) | 2 (0-3)
3128,5065,GKS Bełchatów,MKS Korona Kielce,11,3,4,4,11,14,1.00,1.27,2015-06-02,X (2-2) | 2 (0-2) | 1 (2-0) | 2 (0-1) | X (1-1)
3128,4901,GKS Bełchatów,Cracovia,11,4,3,4,16,13,1.45,1.18,2015-05-10,X (1-1) | 2 (1-3) | X (1-1) | X (2-2) | 2 (1-2)
3106,36851,Legia Warszawa,Bruk-Bet Termalica Nieciecza,10,3,3,4,17,11,1.70,1.10,2025-11-09,2 (1-2) | 1 (4-1) | X (0-0) | 1 (3-0) | 2 (0-1)
5065,35268,MKS Korona Kielce,Raków Częstochowa,10,3,2,5,8,11,0.80,1.10,2025-11-09,2 (1-4) | X (1-1) | X (1-1) | 2 (0-2) | 2 (0-1)
3121,36851,Lech Poznań,Bruk-Bet Termalica Nieciecza,10,8,1,1,28,8,2.80,0.80,2025-09-20,1 (2-0) | 1 (5-0) | 1 (3-1) | 1 (3-1) | 1 (3-1)
3117,5064,Pogoń Szczecin,MZKS Arka Gdynia,10,7,2,1,25,11,2.50,1.10,2025-08-09,2 (1-2) | X (1-1) | 1 (2-0) | X (3-3) | 1 (3-2)
3122,35268,Wisła Płock,Raków Częstochowa,10,2,2,6,10,23,1.00,2.30,2025-07-27,1 (2-1) | 2 (1-2) | 2 (1-7) | 2 (0-2) | X (1-1)
4901,36851,Cracovia,Bruk-Bet Termalica Nieciecza,10,3,2,5,16,18,1.60,1.80,2025-07-25,1 (2-0) | 2 (1-2) | 1 (2-1) | 1 (4-2) | 2 (0-2)
7691,36851,Jagiellonia Białystok,Bruk-Bet Termalica Nieciecza,10,4,2,4,6,10,0.60,1.00,2025-07-18,2 (0-4) | 2 (1-2) | 1 (1-0) | X (0-0) | 1 (1-0)
3106,38732,Legia Warszawa,Stal Mielec,10,3,3,4,15,16,1.50,1.60,2025-05-24,X (2-2) | X (2-2) | 1 (3-1) | 2 (1-3) | 1 (2-0)
35268,38732,Raków Częstochowa,Stal Mielec,10,8,2,0,16,4,1.60,0.40,2025-05-03,1 (2-0) | 1 (1-0) | X (0-0) | 1 (2-0) | X (0-0)
3113,38732,Zagłębie Lubin,Stal Mielec,10,3,4,3,17,18,1.70,1.80,2025-04-28,X (2-2) | X (2-2) | X (0-0) | 2 (2-4) | 1 (2-0)
3110,38732,Górnik Zabrze,Stal Mielec,10,6,2,2,14,9,1.40,0.90,2025-04-22,X (0-0) | 1 (3-1) | X (1-1) | 2 (1-2) | 1 (1-0)
3108,38732,Śląsk Wrocław,Stal Mielec,10,3,4,3,12,12,1.20,1.20,2025-03-15,1 (4-1) | 1 (2-1) | 2 (0-1) | 2 (1-3) | X (1-1)
3117,38732,Pogoń Szczecin,Stal Mielec,10,6,1,3,18,12,1.80,1.20,2025-02-16,1 (2-1) | 1 (1-0) | X (0-0) | 2 (2-3) | 1 (4-2)
7691,38732,Jagiellonia Białystok,Stal Mielec,10,3,4,3,20,14,2.00,1.40,2025-02-07,2 (1-2) | 1 (2-0) | 2 (2-3) | 1 (4-0) | X (1-1)
3105,3115,Ruch Chorzów,Widzew Łódź,10,5,2,3,15,11,1.50,1.10,2024-04-20,2 (2-3) | 2 (1-2) | 1 (2-1) | 1 (1-0) | 1 (3-0)
3108,36851,Śląsk Wrocław,Bruk-Bet Termalica Nieciecza,10,4,2,4,15,17,1.50,1.70,2022-04-23,2 (0-4) | 2 (3-4) | 1 (2-1) | 2 (1-2) | X (1-1)
3125,7918,Górnik Łęczna,Piast Gliwice,10,2,4,4,10,14,1.00,1.40,2022-04-09,2 (0-1) | X (1-1) | 2 (1-2) | 1 (1-0) | X (3-3)
3108,3125,Śląsk Wrocław,Górnik Łęczna,10,5,4,1,17,12,1.70,1.20,2022-02-11,X (1-1) | X (0-0) | 2 (0-2) | X (2-2) | 1 (3-0)
3111,36851,Wisła Kraków,Bruk-Bet Termalica Nieciecza,10,5,4,1,21,13,2.10,1.30,2021-12-17,1 (3-0) | X (2-2) | X (3-3) | 1 (1-0) | 2 (1-2)
3117,7919,Pogoń Szczecin,Podbeskidzie Bielsko-Biała,10,6,2,2,17,10,1.70,1.00,2021-04-16,1 (2-0) | X (1-1) | 1 (2-0) | 1 (3-2) | 2 (1-2)
3113,7919,Zagłębie Lubin,Podbeskidzie Bielsko-Biała,10,3,3,4,10,12,1.00,1.20,2021-04-11,1 (2-1) | 2 (1-2) | 1 (2-1) | 2 (0-2) | 1 (3-2)
3110,3128,Górnik Zabrze,GKS Bełchatów,10,4,2,4,10,9,1.00,0.90,2015-04-20,1 (2-0) | 2 (0-1) | 2 (0-2) | 1 (2-0) | X (1-1)
3119,3128,Polonia Warszawa,GKS Bełchatów,10,4,2,4,13,11,1.30,1.10,2013-04-27,2 (0-1) | 1 (5-0) | 2 (1-2) | 1 (2-1) | X (0-0)
3105,3119,Ruch Chorzów,Polonia Warszawa,10,3,1,6,9,17,0.90,1.70,2013-04-22,1 (2-1) | 2 (1-2) | 1 (1-0) | 2 (0-1) | 2 (0-3)
3108,3119,Śląsk Wrocław,Polonia Warszawa,10,4,2,4,14,15,1.40,1.50,2013-04-13,X (2-2) | 1 (2-1) | 2 (0-3) | 1 (4-0) | 1 (1-0)
3106,3119,Legia Warszawa,Polonia Warszawa,10,2,5,3,8,11,0.80,1.10,2013-03-30,1 (2-1) | X (1-1) | X (0-0) | 2 (1-2) | 1 (1-0)
3119,7691,Polonia Warszawa,Jagiellonia Białystok,10,3,2,5,12,11,1.20,1.10,2013-03-15,2 (0-2) | X (1-1) | 1 (4-1) | 2 (2-3) | 1 (2-0)
3111,3119,Wisła Kraków,Polonia Warszawa,10,6,1,3,12,10,1.20,1.00,2013-03-09,1 (2-1) | 2 (1-3) | 2 (0-1) | X (1-1) | 2 (0-2)
3119,3121,Polonia Warszawa,Lech Poznań,10,4,2,4,13,15,1.30,1.50,2013-03-01,1 (1-0) | 2 (1-2) | 2 (0-1) | 1 (1-0) | 1 (1-0)
3119,7913,Polonia Warszawa,KS Lechia Gdańsk,10,3,5,2,11,8,1.10,0.80,2013-02-22,X (1-1) | 1 (3-1) | 1 (3-1) | 1 (1-0) | X (0-0)
4901,7295,Cracovia,Radomiak Radom,9,5,0,4,16,9,1.78,1.00,2025-11-07,2 (0-3) | 2 (1-2) | 2 (1-2) | 1 (6-0) | 1 (1-0)
3113,36851,Zagłębie Lubin,Bruk-Bet Termalica Nieciecza,9,6,2,1,15,6,1.67,0.67,2025-10-24,X (1-1) | 1 (2-0) | 1 (2-1) | 1 (4-2) | X (1-1)
3113,7295,Zagłębie Lubin,Radomiak Radom,9,5,0,4,16,13,1.78,1.44,2025-10-04,2 (1-3) | 1 (1-0) | 1 (1-0) | 1 (4-3) | 2 (2-3)
7918,36851,Piast Gliwice,Bruk-Bet Termalica Nieciecza,9,6,1,2,20,11,2.22,1.22,2025-09-27,1 (4-2) | 1 (1-0) | 1 (2-1) | 1 (4-0) | X (1-1)
7295,7918,Radomiak Radom,Piast Gliwice,9,3,5,1,11,9,1.22,1.00,2025-09-20,1 (1-0) | X (0-0) | X (1-1) | 1 (3-2) | X (1-1)
3106,7295,Legia Warszawa,Radomiak Radom,9,5,0,4,14,14,1.56,1.56,2025-09-14,1 (4-1) | 2 (1-3) | 1 (4-1) | 2 (0-3) | 1 (1-0)
5065,36851,MKS Korona Kielce,Bruk-Bet Termalica Nieciecza,9,6,1,2,14,5,1.56,0.56,2025-08-30,1 (3-1) | 1 (3-0) | 1 (2-1) | 1 (2-0) | 2 (0-1)
3115,3117,Widzew Łódź,Pogoń Szczecin,9,1,2,6,9,19,1.00,2.11,2025-08-22,2 (1-2) | 2 (0-4) | 2 (0-2) | 2 (1-2) | X (3-3)
7295,7691,Radomiak Radom,Jagiellonia Białystok,9,1,3,5,10,19,1.11,2.11,2025-08-17,2 (1-2) | 2 (0-5) | 2 (2-3) | 2 (0-2) | 2 (2-3)
7295,35268,Radomiak Radom,Raków Częstochowa,9,2,2,5,8,15,0.89,1.67,2025-08-03,1 (3-1) | 2 (1-2) | 2 (0-2) | 1 (2-1) | 2 (0-3)
3117,7295,Pogoń Szczecin,Radomiak Radom,9,4,1,4,16,12,1.78,1.33,2025-07-20,2 (1-5) | 2 (0-2) | 2 (0-1) | 1 (4-0) | 2 (0-2)
4901,38732,Cracovia,Stal Mielec,9,2,6,1,12,12,1.33,1.33,2025-04-04,X (1-1) | X (1-1) | X (2-2) | 1 (2-1) | 2 (0-2)
3121,38732,Lech Poznań,Stal Mielec,9,4,4,1,12,6,1.33,0.67,2025-03-08,1 (3-1) | 1 (2-0) | X (0-0) | 1 (2-1) | X (0-0)
3110,3123,Górnik Zabrze,ŁKS Łódź,9,5,3,1,17,6,1.89,0.67,2024-04-27,1 (4-1) | 1 (5-0) | 1 (3-1) | 1 (1-0) | X (1-1)
3125,7691,Górnik Łęczna,Jagiellonia Białystok,9,2,1,6,6,16,0.67,1.78,2022-05-21,2 (0-1) | 1 (2-1) | 2 (0-5) | 2 (0-2) | 2 (0-2)
3111,3125,Wisła Kraków,Górnik Łęczna,9,4,3,2,14,9,1.56,1.00,2022-02-21,X (0-0) | 1 (3-1) | 2 (1-3) | 1 (3-2) | 1 (3-0)
3125,4901,Górnik Łęczna,Cracovia,9,4,3,2,10,7,1.11,0.78,2021-12-12,1 (2-0) | 1 (3-0) | X (1-1) | X (0-0) | X (0-0)
3105,5064,Ruch Chorzów,MZKS Arka Gdynia,9,4,3,2,10,7,1.11,0.78,2017-05-27,X (1-1) | 2 (1-2) | 2 (0-3) | 1 (2-0) | X (0-0)
3128,7918,GKS Bełchatów,Piast Gliwice,9,2,2,5,10,17,1.11,1.89,2015-05-19,2 (3-6) | 2 (1-3) | X (0-0) | 1 (3-2) | 2 (1-3)
3110,7295,Górnik Zabrze,Radomiak Radom,8,3,3,2,9,9,1.13,1.13,2025-11-28,2 (0-4) | 1 (3-2) | 1 (2-1) | X (1-1) | X (0-0)
3110,36851,Górnik Zabrze,Bruk-Bet Termalica Nieciecza,8,2,3,3,8,10,1.00,1.25,2025-08-08,2 (0-1) | X (1-1) | 2 (1-3) | 1 (3-0) | 1 (2-1)
7295,38732,Radomiak Radom,Stal Mielec,8,2,3,3,8,10,1.00,1.25,2025-05-16,X (2-2) | 2 (1-2) | 1 (2-1) | 2 (0-2) | 1 (1-0)
7913,38732,KS Lechia Gdańsk,Stal Mielec,8,5,2,1,16,11,2.00,1.38,2025-04-14,1 (3-2) | 2 (1-2) | X (0-0) | 1 (1-0) | 1 (3-2)
7918,38732,Piast Gliwice,Stal Mielec,8,4,2,2,16,9,2.00,1.13,2025-02-21,X (2-2) | 2 (0-2) | 1 (3-0) | 1 (2-0) | 1 (4-0)
3108,7295,Śląsk Wrocław,Radomiak Radom,8,2,3,3,6,7,0.75,0.88,2025-02-08,X (1-1) | 2 (1-2) | 1 (2-0) | 1 (1-0) | 2 (0-1)
7691,7922,Jagiellonia Białystok,Warta Poznań,8,4,2,2,14,11,1.75,1.38,2024-05-25,1 (3-0) | 1 (2-1) | 1 (3-1) | 2 (0-2) | X (1-1)
3106,7922,Legia Warszawa,Warta Poznań,8,5,1,2,12,6,1.50,0.75,2024-05-19,1 (1-0) | X (2-2) | 2 (0-1) | 1 (1-0) | 2 (0-1)
3108,3123,Śląsk Wrocław,ŁKS Łódź,8,7,1,0,18,3,2.25,0.38,2024-05-04,1 (2-1) | 1 (2-1) | 1 (4-0) | 1 (1-0) | 1 (2-1)
7918,7922,Piast Gliwice,Warta Poznań,8,2,3,3,7,8,0.88,1.00,2024-04-26,1 (2-0) | X (1-1) | X (1-1) | 2 (0-2) | 1 (3-2)
7922,38732,Warta Poznań,Stal Mielec,8,4,3,1,9,4,1.13,0.50,2024-04-22,1 (5-2) | 1 (1-0) | 2 (0-1) | X (1-1) | 1 (1-0)
3121,3123,Lech Poznań,ŁKS Łódź,8,7,1,0,23,5,2.88,0.63,2024-04-21,1 (3-2) | 1 (3-1) | 1 (2-0) | 1 (2-1) | 1 (4-0)
3123,4901,ŁKS Łódź,Cracovia,8,4,2,2,12,12,1.50,1.50,2024-04-05,X (2-2) | 2 (0-2) | 1 (1-0) | 1 (2-1) | X (2-2)
3113,7922,Zagłębie Lubin,Warta Poznań,8,3,3,2,7,8,0.88,1.00,2024-04-02,X (1-1) | 1 (1-0) | X (0-0) | X (2-2) | 2 (0-4)
3123,7691,ŁKS Łódź,Jagiellonia Białystok,8,1,2,5,5,20,0.63,2.50,2024-03-30,2 (0-6) | X (2-2) | 2 (0-3) | 2 (0-2) | 2 (1-2)
3121,7922,Lech Poznań,Warta Poznań,8,8,0,0,14,2,1.75,0.25,2024-03-15,1 (2-0) | 1 (2-0) | 1 (2-0) | 1 (1-0) | 1 (2-1)
4901,7922,Cracovia,Warta Poznań,8,1,2,5,2,6,0.25,0.75,2024-03-01,2 (0-1) | X (0-0) | X (0-0) | 2 (0-2) | 2 (0-1)
3121,3125,Lech Poznań,Górnik Łęczna,8,5,3,0,12,4,1.50,0.50,2022-04-20,1 (3-0) | X (1-1) | X (0-0) | 1 (2-1) | 1 (1-0)
3117,3125,Pogoń Szczecin,Górnik Łęczna,8,3,3,2,16,11,2.00,1.38,2022-04-02,1 (4-0) | 1 (4-1) | X (2-2) | X (1-1) | 1 (3-2)
3125,7913,Górnik Łęczna,KS Lechia Gdańsk,8,1,1,6,6,18,0.75,2.25,2022-03-19,2 (0-2) | 2 (0-4) | 2 (0-3) | 2 (1-2) | 1 (3-1)
3106,3125,Legia Warszawa,Górnik Łęczna,8,6,0,2,19,6,2.38,0.75,2022-03-11,1 (1-0) | 1 (3-1) | 1 (5-0) | 2 (0-1) | 1 (2-1)
3125,5065,Górnik Łęczna,MKS Korona Kielce,8,5,1,2,15,8,1.88,1.00,2017-03-03,2 (1-2) | 1 (4-0) | X (1-1) | 1 (3-2) | 1 (2-0)
3111,3115,Wisła Kraków,Widzew Łódź,8,6,1,1,12,4,1.50,0.50,2014-04-05,2 (1-2) | 1 (3-0) | 1 (1-0) | 1 (2-1) | 1 (1-0)
3113,3119,Zagłębie Lubin,Polonia Warszawa,8,6,1,1,11,2,1.38,0.25,2013-05-27,X (0-0) | 1 (1-0) | 1 (4-0) | 1 (1-0) | 1 (1-0)
3113,3128,Zagłębie Lubin,GKS Bełchatów,8,3,3,2,12,9,1.50,1.13,2013-05-19,2 (2-3) | 1 (1-0) | X (1-1) | 2 (1-2) | 1 (2-0)
3110,3119,Górnik Zabrze,Polonia Warszawa,8,1,3,4,3,11,0.38,1.38,2013-05-18,2 (0-4) | X (1-1) | 1 (1-0) | X (1-1) | X (0-0)
3119,5065,Polonia Warszawa,MKS Korona Kielce,8,2,3,3,8,13,1.00,1.63,2013-05-03,X (1-1) | 1 (2-0) | 2 (0-3) | X (0-0) | 1 (3-1)
3119,4901,Polonia Warszawa,Cracovia,8,3,2,3,9,8,1.13,1.00,2012-04-16,1 (2-1) | X (0-0) | 2 (1-3) | 1 (3-0) | 1 (2-1)
3121,7295,Lech Poznań,Radomiak Radom,7,3,3,1,13,9,1.86,1.29,2025-11-23,1 (4-1) | X (2-2) | 1 (2-1) | X (2-2) | X (1-1)
7295,7913,Radomiak Radom,KS Lechia Gdańsk,7,5,1,1,15,7,2.14,1.00,2025-11-03,1 (2-1) | 1 (2-1) | 2 (0-1) | 1 (3-1) | 1 (4-1)
3122,36851,Wisła Płock,Bruk-Bet Termalica Nieciecza,7,4,2,1,8,4,1.14,0.57,2025-10-20,1 (3-1) | 2 (0-1) | X (1-1) | 1 (2-1) | 1 (1-0)
3115,7295,Widzew Łódź,Radomiak Radom,7,3,1,3,12,15,1.71,2.14,2025-10-17,1 (3-2) | X (1-1) | 1 (3-2) | 1 (3-1) | 2 (0-3)
3115,35268,Widzew Łódź,Raków Częstochowa,7,0,2,5,4,10,0.57,1.43,2025-09-28,2 (0-1) | 2 (1-2) | 2 (2-3) | 2 (0-1) | X (1-1)
5065,7295,MKS Korona Kielce,Radomiak Radom,7,4,1,2,13,9,1.86,1.29,2025-08-08,1 (3-0) | 2 (1-3) | 2 (0-4) | 1 (4-0) | X (1-1)
3113,3123,Zagłębie Lubin,ŁKS Łódź,7,6,0,1,14,7,2.00,1.00,2024-05-20,1 (2-1) | 1 (2-0) | 1 (1-0) | 2 (2-3) | 1 (3-1)
3108,7922,Śląsk Wrocław,Warta Poznań,7,4,0,3,10,11,1.43,1.57,2024-04-06,1 (2-1) | 1 (1-0) | 2 (1-3) | 2 (0-2) | 2 (1-2)
3123,5065,ŁKS Łódź,MKS Korona Kielce,7,3,0,4,9,9,1.29,1.29,2024-02-12,2 (1-2) | 1 (2-1) | 2 (0-2) | 2 (0-1) | 1 (4-1)
7922,35268,Warta Poznań,Raków Częstochowa,7,1,2,4,5,12,0.71,1.71,2024-02-11,1 (2-1) | X (2-2) | X (1-1) | 2 (0-2) | 2 (0-3)
3110,7922,Górnik Zabrze,Warta Poznań,7,4,1,2,9,4,1.29,0.57,2023-12-15,1 (3-0) | 1 (2-0) | X (0-0) | 2 (1-2) | 1 (1-0)
3106,3123,Legia Warszawa,ŁKS Łódź,7,5,2,0,13,5,1.86,0.71,2023-12-10,X (1-1) | 1 (3-1) | 1 (3-2) | 1 (2-0) | 1 (3-1)
3117,7922,Pogoń Szczecin,Warta Poznań,7,3,4,0,13,9,1.86,1.29,2023-12-08,X (3-3) | 1 (3-1) | 1 (2-1) | X (1-1) | X (1-1)
3110,3125,Górnik Zabrze,Górnik Łęczna,7,4,2,1,11,6,1.57,0.86,2022-05-15,1 (4-2) | 1 (2-1) | X (0-0) | X (1-1) | 2 (1-2)
3125,36851,Górnik Łęczna,Bruk-Bet Termalica Nieciecza,7,2,3,2,10,7,1.43,1.00,2022-05-09,X (1-1) | X (1-1) | 1 (3-0) | 2 (1-2) | 1 (2-0)
3111,35268,Wisła Kraków,Raków Częstochowa,7,1,1,5,6,12,0.86,1.71,2022-02-06,2 (0-2) | 2 (1-2) | 2 (1-2) | X (0-0) | 2 (1-3)
3111,3123,Wisła Kraków,ŁKS Łódź,7,6,1,0,19,6,2.71,0.86,2020-07-03,1 (2-1) | 1 (4-2) | 1 (4-0) | 1 (3-2) | 1 (2-1)
3105,3125,Ruch Chorzów,Górnik Łęczna,7,4,1,2,13,8,1.86,1.14,2017-06-02,X (2-2) | 1 (4-0) | 1 (2-1) | 1 (3-0) | 1 (1-0)
3128,7919,GKS Bełchatów,Podbeskidzie Bielsko-Biała,7,2,2,3,11,8,1.57,1.14,2015-05-16,2 (0-2) | 2 (1-2) | X (1-1) | X (1-1) | 1 (2-1)
3115,7919,Widzew Łódź,Podbeskidzie Bielsko-Biała,7,0,3,4,4,10,0.57,1.43,2014-05-22,2 (0-3) | 2 (0-1) | X (1-1) | 2 (1-2) | X (2-2)
5064,36851,MZKS Arka Gdynia,Bruk-Bet Termalica Nieciecza,6,1,1,4,7,10,1.17,1.67,2025-11-21,2 (0-2) | 2 (1-2) | 1 (4-0) | X (1-1) | 2 (1-3)
5065,38732,MKS Korona Kielce,Stal Mielec,6,4,0,2,8,7,1.33,1.17,2025-03-01,1 (1-0) | 1 (2-1) | 1 (1-0) | 1 (3-2) | 2 (1-2)
3123,7918,ŁKS Łódź,Piast Gliwice,6,0,1,5,5,13,0.83,2.17,2024-05-10,2 (0-4) | X (3-3) | 2 (1-2) | 2 (0-1) | 2 (0-1)
7295,7922,Radomiak Radom,Warta Poznań,6,3,1,2,9,9,1.50,1.50,2024-02-26,X (0-0) | 1 (3-2) | 1 (2-1) | 2 (2-3) | 2 (1-3)
3122,38732,Wisła Płock,Stal Mielec,6,1,4,1,8,6,1.33,1.00,2023-05-07,X (0-0) | X (1-1) | 1 (3-0) | 2 (1-2) | X (2-2)
7913,7922,KS Lechia Gdańsk,Warta Poznań,6,3,2,1,6,3,1.00,0.50,2023-03-19,2 (0-2) | X (0-0) | 1 (2-0) | 1 (2-0) | X (1-1)
3113,3125,Zagłębie Lubin,Górnik Łęczna,6,3,2,1,7,3,1.17,0.50,2021-12-19,2 (1-2) | 1 (3-1) | 1 (1-0) | X (0-0) | 1 (2-0)
3123,7913,ŁKS Łódź,KS Lechia Gdańsk,6,1,3,2,4,6,0.67,1.00,2019-11-23,2 (1-3) | X (0-0) | X (0-0) | X (0-0) | 1 (2-1)
3125,7919,Górnik Łęczna,Podbeskidzie Bielsko-Biała,6,1,1,4,6,7,1.00,1.17,2016-05-10,1 (5-1) | 2 (0-2) | 2 (1-2) | 2 (0-1) | X (0-0)
3105,35329,Ruch Chorzów,Zawisza Bydgoszcz,6,4,1,1,12,6,2.00,1.00,2015-06-05,1 (3-2) | 2 (1-2) | X (1-1) | 1 (3-1) | 1 (3-0)
3119,7918,Polonia Warszawa,Piast Gliwice,6,3,2,1,7,4,1.17,0.67,2013-05-30,X (1-1) | X (1-1) | 1 (2-0) | 2 (0-2) | 1 (2-0)
3115,3119,Widzew Łódź,Polonia Warszawa,6,4,1,1,8,6,1.33,1.00,2013-04-08,1 (3-2) | 2 (1-3) | 1 (2-1) | 1 (1-0) | 1 (1-0)
3115,3128,Widzew Łódź,GKS Bełchatów,6,2,3,1,3,2,0.50,0.33,2013-03-09,X (0-0) | 1 (1-0) | 1 (1-0) | X (0-0) | X (1-1)
3106,7692,Legia Warszawa,Polonia Bytom,6,4,0,2,9,3,1.50,0.50,2011-05-29,1 (4-0) | 1 (1-0) | 2 (0-1) | 1 (1-0) | 1 (3-1)
3121,7692,Lech Poznań,Polonia Bytom,6,4,2,0,11,3,1.83,0.50,2011-05-25,1 (2-1) | 1 (1-0) | 1 (3-0) | X (1-1) | 1 (3-0)
5064,7692,MZKS Arka Gdynia,Polonia Bytom,6,1,1,4,7,13,1.17,2.17,2011-05-21,1 (2-1) | 2 (0-2) | X (2-2) | 2 (1-3) | 2 (1-2)
4901,7692,Cracovia,Polonia Bytom,6,2,0,4,5,7,0.83,1.17,2011-05-10,1 (2-1) | 2 (0-1) | 1 (2-1) | 2 (1-2) | 2 (0-1)
3128,5064,GKS Bełchatów,MZKS Arka Gdynia,6,1,2,3,4,7,0.67,1.17,2011-05-08,X (1-1) | 2 (0-1) | 2 (1-2) | 1 (1-0) | X (1-1)
3108,7692,Śląsk Wrocław,Polonia Bytom,6,2,4,0,6,2,1.00,0.33,2011-05-07,X (0-0) | X (0-0) | X (0-0) | 1 (2-1) | 1 (3-0)
7691,7692,Jagiellonia Białystok,Polonia Bytom,6,1,3,2,8,7,1.33,1.17,2011-04-30,2 (2-3) | 1 (3-0) | X (0-0) | X (1-1) | 2 (0-1)
3119,5064,Polonia Warszawa,MZKS Arka Gdynia,6,3,3,0,7,1,1.17,0.17,2011-04-23,1 (4-0) | X (0-0) | 1 (2-1) | X (0-0) | X (0-0)
3119,7692,Polonia Warszawa,Polonia Bytom,6,4,1,1,10,3,1.67,0.50,2011-04-16,1 (2-0) | X (2-2) | 2 (0-1) | 1 (1-0) | 1 (1-0)
3105,7692,Ruch Chorzów,Polonia Bytom,6,4,0,2,8,5,1.33,0.83,2011-04-09,2 (0-2) | 2 (0-1) | 1 (2-1) | 1 (1-0) | 1 (3-0)
3111,7692,Wisła Kraków,Polonia Bytom,6,3,3,0,10,6,1.67,1.00,2011-03-20,X (2-2) | 1 (2-1) | 1 (3-1) | X (1-1) | X (1-1)
7692,7913,Polonia Bytom,KS Lechia Gdańsk,6,2,3,1,7,5,1.17,0.83,2011-03-06,2 (0-2) | X (1-1) | X (0-0) | X (1-1) | 1 (1-0)
3128,7692,GKS Bełchatów,Polonia Bytom,6,3,2,1,10,6,1.67,1.00,2011-02-26,X (1-1) | 1 (2-0) | X (2-2) | 2 (0-1) | 1 (3-1)
3122,7295,Wisła Płock,Radomiak Radom,5,1,3,1,4,5,0.80,1.00,2025-10-27,X (1-1) | X (1-1) | 2 (0-2) | X (1-1) | 1 (1-0)
3115,38732,Widzew Łódź,Stal Mielec,5,3,1,1,6,3,1.20,0.60,2024-12-07,1 (2-1) | X (0-0) | 1 (1-0) | 2 (0-2) | 1 (3-0)
3123,35268,ŁKS Łódź,Raków Częstochowa,5,2,2,1,7,5,1.40,1.00,2024-03-17,X (1-1) | 2 (0-1) | 1 (3-2) | X (1-1) | 1 (2-0)
3105,3123,Ruch Chorzów,ŁKS Łódź,5,3,2,0,10,3,2.00,0.60,2023-12-17,X (1-1) | X (2-2) | 1 (4-0) | 1 (2-0) | 1 (1-0)
3110,35330,Górnik Zabrze,Miedź Legnica,5,2,1,2,5,7,1.00,1.40,2023-05-27,X (0-0) | 2 (0-3) | 1 (1-0) | 2 (1-3) | 1 (3-1)
3108,35330,Śląsk Wrocław,Miedź Legnica,5,3,1,1,11,3,2.20,0.60,2023-05-21,1 (4-2) | 2 (0-1) | 1 (2-0) | X (0-0) | 1 (5-0)
5065,35330,MKS Korona Kielce,Miedź Legnica,5,1,4,0,4,3,0.80,0.60,2023-04-01,1 (1-0) | X (2-2) | X (0-0) | X (0-0) | X (1-1)
3122,7922,Wisła Płock,Warta Poznań,5,2,0,3,4,9,0.80,1.80,2023-03-08,1 (1-0) | 2 (0-3) | 1 (2-1) | 2 (0-2) | 2 (1-3)
3122,35330,Wisła Płock,Miedź Legnica,5,1,1,3,10,10,2.00,2.00,2023-02-19,2 (1-2) | 1 (4-1) | 2 (2-3) | 2 (1-2) | X (2-2)
3122,3125,Wisła Płock,Górnik Łęczna,5,3,0,2,12,10,2.40,2.00,2022-03-06,1 (3-1) | 2 (2-3) | 1 (3-2) | 1 (3-2) | 2 (1-2)
3123,5064,ŁKS Łódź,MZKS Arka Gdynia,5,1,1,3,7,12,1.40,2.40,2020-07-11,2 (2-3) | X (1-1) | 2 (1-4) | 1 (3-0) | 2 (0-4)
7918,35329,Piast Gliwice,Zawisza Bydgoszcz,5,1,2,2,4,9,0.80,1.80,2015-06-02,X (0-0) | 2 (0-2) | 1 (3-0) | 2 (0-6) | X (1-1)
4901,35329,Cracovia,Zawisza Bydgoszcz,5,3,0,2,7,5,1.40,1.00,2015-05-19,1 (3-1) | 1 (3-0) | 1 (1-0) | 2 (0-2) | 2 (0-2)
5065,35329,MKS Korona Kielce,Zawisza Bydgoszcz,5,1,2,2,5,8,1.00,1.60,2015-05-15,2 (1-3) | X (2-2) | 2 (0-2) | X (1-1) | 1 (1-0)
7919,35329,Podbeskidzie Bielsko-Biała,Zawisza Bydgoszcz,5,2,3,0,8,6,1.60,1.20,2015-05-10,X (2-2) | 1 (2-1) | 1 (2-1) | X (0-0) | X (2-2)
3110,35329,Górnik Zabrze,Zawisza Bydgoszcz,5,4,0,1,9,7,1.80,1.40,2015-04-29,1 (2-1) | 1 (2-1) | 1 (1-0) | 2 (1-3) | 1 (3-2)
3106,35329,Legia Warszawa,Zawisza Bydgoszcz,5,4,0,1,10,4,2.00,0.80,2015-04-19,1 (2-0) | 1 (2-1) | 1 (2-0) | 1 (3-0) | 2 (1-3)
3117,35329,Pogoń Szczecin,Zawisza Bydgoszcz,5,1,2,2,7,6,1.40,1.20,2015-04-07,2 (1-2) | 1 (3-0) | 2 (1-2) | X (1-1) | X (1-1)
3121,35329,Lech Poznań,Zawisza Bydgoszcz,5,3,1,1,13,8,2.60,1.60,2015-03-14,2 (0-1) | 1 (6-2) | 1 (2-1) | X (2-2) | 1 (3-2)
3111,35329,Wisła Kraków,Zawisza Bydgoszcz,5,2,0,3,7,8,1.40,1.60,2015-03-07,2 (0-1) | 1 (4-2) | 1 (2-1) | 2 (0-1) | 2 (1-3)
7913,35329,KS Lechia Gdańsk,Zawisza Bydgoszcz,5,2,3,0,6,1,1.20,0.20,2015-02-21,X (0-0) | 1 (2-0) | X (0-0) | 1 (3-0) | X (1-1)
5064,35268,MZKS Arka Gdynia,Raków Częstochowa,4,1,0,3,6,11,1.50,2.75,2025-11-30,2 (1-4) | 2 (2-3) | 1 (3-2) | 2 (0-2)
3108,38729,Śląsk Wrocław,Puszcza Niepołomice,4,1,2,1,4,3,1.00,0.75,2025-05-24,X (1-1) | 2 (0-1) | X (0-0) | 1 (3-1)
38729,38732,Puszcza Niepołomice,Stal Mielec,4,1,0,3,4,7,1.00,1.75,2025-05-12,2 (2-3) | 2 (0-2) | 2 (1-2) | 1 (1-0)
3121,38729,Lech Poznań,Puszcza Niepołomice,4,2,0,2,13,6,3.25,1.50,2025-05-03,1 (8-1) | 2 (0-2) | 2 (1-2) | 1 (4-1)
3117,38729,Pogoń Szczecin,Puszcza Niepołomice,4,4,0,0,10,5,2.50,1.25,2025-04-25,1 (5-4) | 1 (2-1) | 1 (1-0) | 1 (2-0)
7295,38729,Radomiak Radom,Puszcza Niepołomice,4,1,3,0,6,4,1.50,1.00,2025-04-21,X (2-2) | 1 (2-0) | X (1-1) | X (1-1)
35268,38729,Raków Częstochowa,Puszcza Niepołomice,4,2,2,0,6,2,1.50,0.50,2025-04-07,X (1-1) | 1 (2-0) | X (1-1) | 1 (2-0)
4901,38729,Cracovia,Puszcza Niepołomice,4,2,1,1,6,4,1.50,1.00,2025-03-29,1 (3-1) | 1 (2-1) | 2 (0-1) | X (1-1)
7918,38729,Piast Gliwice,Puszcza Niepołomice,4,1,1,2,3,4,0.75,1.00,2025-03-16,2 (1-2) | X (1-1) | 2 (0-1) | 1 (1-0)
5065,38729,MKS Korona Kielce,Puszcza Niepołomice,4,2,2,0,8,5,2.00,1.25,2025-03-07,1 (2-1) | X (0-0) | X (1-1) | 1 (5-3)
3106,38729,Legia Warszawa,Puszcza Niepołomice,4,1,3,0,6,4,1.50,1.00,2025-02-15,1 (2-0) | X (2-2) | X (1-1) | X (1-1)
3113,38729,Zagłębie Lubin,Puszcza Niepołomice,4,3,1,0,6,3,1.50,0.75,2025-02-10,1 (2-1) | 1 (1-0) | X (2-2) | 1 (1-0)
3115,7922,Widzew Łódź,Warta Poznań,4,1,0,3,2,5,0.50,1.25,2024-05-05,2 (1-2) | 2 (0-1) | 2 (0-2) | 1 (1-0)
5065,7922,MKS Korona Kielce,Warta Poznań,4,0,1,3,2,8,0.50,2.00,2024-04-12,2 (0-1) | X (1-1) | 2 (1-5) | 2 (0-1)
3117,3123,Pogoń Szczecin,ŁKS Łódź,4,2,1,1,5,3,1.25,0.75,2024-02-23,1 (4-2) | 2 (0-1) | X (0-0) | 1 (1-0)
3115,3123,Widzew Łódź,ŁKS Łódź,4,2,1,1,4,2,1.00,0.50,2024-02-18,1 (2-0) | 1 (1-0) | X (1-1) | 2 (0-1)
3117,35330,Pogoń Szczecin,Miedź Legnica,4,3,0,1,9,5,2.25,1.25,2023-05-14,1 (3-2) | 1 (4-2) | 1 (2-0) | 2 (0-1)
4901,35330,Cracovia,Miedź Legnica,4,0,3,1,3,4,0.75,1.00,2023-05-01,X (1-1) | X (1-1) | 2 (1-2) | X (0-0)
3106,35330,Legia Warszawa,Miedź Legnica,4,3,1,0,11,5,2.75,1.25,2023-04-10,X (2-2) | 1 (3-2) | 1 (2-0) | 1 (4-1)
7918,35330,Piast Gliwice,Miedź Legnica,4,3,1,0,7,4,1.75,1.00,2023-03-19,1 (1-0) | 1 (2-1) | 1 (2-1) | X (2-2)
7913,35330,KS Lechia Gdańsk,Miedź Legnica,4,2,1,1,7,2,1.75,0.50,2023-03-10,1 (4-0) | 2 (1-2) | X (0-0) | 1 (2-0)
7691,35330,Jagiellonia Białystok,Miedź Legnica,4,2,1,1,8,5,2.00,1.25,2023-03-05,X (1-1) | 1 (2-1) | 1 (3-0) | 2 (2-3)
3113,35330,Zagłębie Lubin,Miedź Legnica,4,3,0,1,6,3,1.50,0.75,2023-02-27,1 (2-1) | 1 (1-0) | 1 (3-0) | 2 (0-2)
3121,35330,Lech Poznań,Miedź Legnica,4,2,1,1,7,6,1.75,1.50,2023-02-05,1 (1-0) | X (2-2) | 2 (2-3) | 1 (2-1)
3111,7922,Wisła Kraków,Warta Poznań,4,0,1,3,2,5,0.50,1.25,2022-05-21,2 (0-1) | X (1-1) | 2 (0-1) | 2 (1-2)
3111,38732,Wisła Kraków,Stal Mielec,4,2,0,2,10,4,2.50,1.00,2022-02-12,2 (0-1) | 2 (1-2) | 1 (3-1) | 1 (6-0)
3105,36851,Ruch Chorzów,Bruk-Bet Termalica Nieciecza,4,2,1,1,5,2,1.25,0.50,2017-03-04,X (0-0) | 2 (0-1) | 1 (1-0) | 1 (4-1)
3117,3128,Pogoń Szczecin,GKS Bełchatów,4,2,0,2,4,2,1.00,0.50,2015-03-20,1 (3-0) | 2 (0-1) | 2 (0-1) | 1 (1-0)
3108,35329,Śląsk Wrocław,Zawisza Bydgoszcz,4,2,0,2,4,4,1.00,1.00,2014-12-05,1 (1-0) | 1 (2-1) | 2 (0-1) | 2 (1-2)
7691,35329,Jagiellonia Białystok,Zawisza Bydgoszcz,4,2,2,0,5,2,1.25,0.50,2014-11-29,X (0-0) | 1 (3-1) | X (1-1) | 1 (1-0)
3119,7919,Polonia Warszawa,Podbeskidzie Bielsko-Biała,4,3,1,0,6,3,1.50,0.75,2013-05-10,1 (2-1) | 1 (1-0) | X (1-1) | 1 (2-1)
3123,3128,ŁKS Łódź,GKS Bełchatów,4,1,1,2,3,6,0.75,1.50,2012-05-03,X (1-1) | 2 (0-3) | 2 (0-2) | 1 (2-0)
3119,3123,Polonia Warszawa,ŁKS Łódź,4,3,0,1,7,4,1.75,1.00,2012-02-17,1 (2-0) | 1 (2-0) | 2 (1-3) | 1 (2-1)
3110,7692,Górnik Zabrze,Polonia Bytom,4,2,1,1,5,4,1.25,1.00,2011-05-13,1 (2-1) | X (1-1) | 1 (2-0) | 2 (0-2)
3113,7692,Zagłębie Lubin,Polonia Bytom,4,2,0,2,5,4,1.25,1.00,2011-04-02,1 (2-0) | 2 (0-2) | 2 (1-2) | 1 (2-0)
5065,7692,MKS Korona Kielce,Polonia Bytom,4,2,1,1,5,4,1.25,1.00,2011-03-12,X (3-3) | 1 (1-0) | 1 (1-0) | 2 (0-1)
3111,3114,Wisła Kraków,MKS Odra Wodzisław Śląski,4,3,1,0,9,3,2.25,0.75,2010-05-15,X (1-1) | 1 (3-1) | 1 (3-1) | 1 (2-0)
3108,3114,Śląsk Wrocław,MKS Odra Wodzisław Śląski,4,3,1,0,12,2,3.00,0.50,2010-05-11,1 (4-2) | 1 (4-0) | X (0-0) | 1 (4-0)
3114,5064,MKS Odra Wodzisław Śląski,MZKS Arka Gdynia,4,1,1,2,3,5,0.75,1.25,2010-05-01,1 (2-1) | 2 (0-2) | 2 (1-2) | X (0-0)
3114,4901,MKS Odra Wodzisław Śląski,Cracovia,4,2,1,1,3,2,0.75,0.50,2010-04-27,2 (0-1) | 1 (1-0) | 1 (2-1) | X (0-0)
3114,3119,MKS Odra Wodzisław Śląski,Polonia Warszawa,4,1,1,2,4,6,1.00,1.50,2010-04-24,1 (2-1) | 2 (1-2) | X (1-1) | 2 (0-2)
3105,3114,Ruch Chorzów,MKS Odra Wodzisław Śląski,4,2,0,2,6,7,1.50,1.75,2010-04-20,1 (3-2) | 1 (3-1) | 2 (0-1) | 2 (0-3)
3114,3128,MKS Odra Wodzisław Śląski,GKS Bełchatów,4,0,0,4,0,9,0.00,2.25,2010-04-01,2 (0-3) | 2 (0-1) | 2 (0-3) | 2 (0-2)
3114,3121,MKS Odra Wodzisław Śląski,Lech Poznań,4,0,1,3,1,5,0.25,1.25,2010-03-28,X (0-0) | 2 (0-1) | 2 (0-1) | 2 (1-3)
7692,7918,Polonia Bytom,Piast Gliwice,4,2,0,2,5,2,1.25,0.50,2010-03-21,2 (0-1) | 1 (4-0) | 1 (1-0) | 2 (0-1)
3114,7918,MKS Odra Wodzisław Śląski,Piast Gliwice,4,2,0,2,4,4,1.00,1.00,2010-03-12,1 (2-0) | 2 (1-2) | 2 (0-2) | 1 (1-0)
3106,3114,Legia Warszawa,MKS Odra Wodzisław Śląski,4,1,0,3,4,4,1.00,1.00,2010-03-07,2 (0-1) | 2 (0-1) | 1 (4-0) | 2 (0-2)
3114,7913,MKS Odra Wodzisław Śląski,KS Lechia Gdańsk,4,2,1,1,4,3,1.00,0.75,2010-02-26,X (0-0) | 1 (2-0) | 1 (1-0) | 2 (1-3)
3114,7692,MKS Odra Wodzisław Śląski,Polonia Bytom,4,1,2,1,6,4,1.50,1.00,2009-12-12,X (1-1) | 2 (0-1) | X (1-1) | 1 (4-1)
3114,7691,MKS Odra Wodzisław Śląski,Jagiellonia Białystok,4,1,2,1,6,6,1.50,1.50,2009-12-05,X (2-2) | 2 (1-2) | 1 (2-1) | X (1-1)
3106,7915,Legia Warszawa,Motor Lublin,3,1,2,0,9,6,3.00,2.00,2025-12-01,X (1-1) | X (3-3) | 1 (5-2)
3112,3117,GKS Katowice,Pogoń Szczecin,3,2,0,1,5,5,1.67,1.67,2025-11-29,1 (2-0) | 2 (0-4) | 1 (3-1)
4901,7915,Cracovia,Motor Lublin,3,2,0,1,8,4,2.67,1.33,2025-11-22,2 (1-2) | 1 (1-0) | 1 (6-2)
3112,7918,GKS Katowice,Piast Gliwice,3,0,2,1,3,5,1.00,1.67,2025-11-08,2 (1-3) | X (0-0) | X (2-2)
3121,7915,Lech Poznań,Motor Lublin,3,1,1,1,5,5,1.67,1.67,2025-11-02,X (2-2) | 1 (2-1) | 2 (1-2)
3112,5065,GKS Katowice,MKS Korona Kielce,3,1,0,2,3,4,1.00,1.33,2025-10-25,1 (1-0) | 2 (1-2) | 2 (1-2)
3115,7915,Widzew Łódź,Motor Lublin,3,1,0,2,5,8,1.67,2.67,2025-10-24,2 (0-3) | 2 (1-2) | 1 (4-3)
3112,7915,GKS Katowice,Motor Lublin,3,1,1,1,7,5,2.33,1.67,2025-10-17,1 (5-2) | 2 (2-3) | X (0-0)
3112,3121,GKS Katowice,Lech Poznań,3,0,1,2,2,5,0.67,1.67,2025-10-05,2 (0-1) | X (2-2) | 2 (0-2)
7295,7915,Radomiak Radom,Motor Lublin,3,0,1,2,4,6,1.33,2.00,2025-09-29,X (2-2) | 2 (2-3) | 2 (0-1)
3113,7915,Zagłębie Lubin,Motor Lublin,3,0,1,2,3,5,1.00,1.67,2025-09-21,X (2-2) | 2 (0-1) | 2 (1-2)
3112,4901,GKS Katowice,Cracovia,3,2,0,1,6,7,2.00,2.33,2025-09-19,2 (0-3) | 1 (2-1) | 1 (4-3)
3115,5064,Widzew Łódź,MZKS Arka Gdynia,3,1,2,0,3,1,1.00,0.33,2025-09-14,1 (2-0) | X (0-0) | X (1-1)
3112,7913,GKS Katowice,KS Lechia Gdańsk,3,2,0,1,5,4,1.67,1.33,2025-09-12,2 (0-2) | 1 (3-2) | 1 (2-0)
3110,7915,Górnik Zabrze,Motor Lublin,3,1,0,2,4,2,1.33,0.67,2025-08-30,2 (0-1) | 1 (4-0) | 2 (0-1)
5065,7915,MKS Korona Kielce,Motor Lublin,3,2,1,0,4,1,1.33,0.33,2025-08-23,1 (2-0) | 1 (1-0) | X (1-1)
3110,3112,Górnik Zabrze,GKS Katowice,3,2,0,1,7,2,2.33,0.67,2025-08-23,1 (3-0) | 2 (1-2) | 1 (3-0)
7295,36851,Radomiak Radom,Bruk-Bet Termalica Nieciecza,3,0,3,0,3,3,1.00,1.00,2025-08-22,X (1-1) | X (1-1) | X (1-1)
35268,36851,Raków Częstochowa,Bruk-Bet Termalica Nieciecza,3,3,0,0,9,4,3.00,1.33,2025-08-17,1 (3-2) | 1 (3-0) | 1 (3-2)
7915,7918,Motor Lublin,Piast Gliwice,3,1,1,1,4,6,1.33,2.00,2025-08-16,X (0-0) | 2 (1-4) | 1 (3-2)
3106,3112,Legia Warszawa,GKS Katowice,3,3,0,0,10,3,3.33,1.00,2025-08-10,1 (3-1) | 1 (3-1) | 1 (4-1)
3115,3122,Widzew Łódź,Wisła Płock,3,1,2,0,4,3,1.33,1.00,2025-08-09,X (1-1) | X (1-1) | 1 (2-1)
3112,3115,GKS Katowice,Widzew Łódź,3,0,1,2,2,6,0.67,2.00,2025-08-02,2 (0-3) | 2 (0-1) | X (2-2)
3112,3113,GKS Katowice,Zagłębie Lubin,3,1,1,1,3,3,1.00,1.00,2025-07-28,X (2-2) | 1 (1-0) | 2 (0-1)
3117,7915,Pogoń Szczecin,Motor Lublin,3,2,0,1,9,5,3.00,1.67,2025-07-26,1 (4-1) | 1 (3-0) | 2 (2-4)
3112,35268,GKS Katowice,Raków Częstochowa,3,1,0,2,2,3,0.67,1.00,2025-07-19,2 (0-1) | 1 (2-1) | 2 (0-1)
3115,38729,Widzew Łódź,Puszcza Niepołomice,3,1,0,2,2,3,0.67,1.00,2025-05-19,1 (2-0) | 2 (0-2) | 2 (0-1)
3110,38729,Górnik Zabrze,Puszcza Niepołomice,3,0,2,1,3,4,1.00,1.33,2025-02-02,X (1-1) | X (1-1) | 2 (1-2)
3122,3123,Wisła Płock,ŁKS Łódź,3,2,1,0,4,1,1.33,0.33,2020-06-27,1 (2-0) | X (0-0) | 1 (2-1)
3111,35330,Wisła Kraków,Miedź Legnica,3,1,0,2,6,8,2.00,2.67,2019-05-18,2 (4-5) | 2 (0-2) | 1 (2-1)
3122,7693,Wisła Płock,Zagłębie Sosnowiec,3,2,1,0,5,1,1.67,0.33,2019-05-18,X (0-0) | 1 (3-1) | 1 (2-0)
5065,7693,MKS Korona Kielce,Zagłębie Sosnowiec,3,2,0,1,8,7,2.67,2.33,2019-05-14,1 (4-2) | 2 (1-4) | 1 (3-1)
5064,7693,MZKS Arka Gdynia,Zagłębie Sosnowiec,3,1,1,1,6,5,2.00,1.67,2019-05-10,1 (2-0) | 2 (2-3) | X (2-2)
3108,7693,Śląsk Wrocław,Zagłębie Sosnowiec,3,2,1,0,9,5,3.00,1.67,2019-05-05,1 (4-2) | 1 (2-0) | X (3-3)
3110,7693,Górnik Zabrze,Zagłębie Sosnowiec,3,2,1,0,7,2,2.33,0.67,2019-04-29,1 (4-0) | 1 (2-1) | X (1-1)
5064,35330,MZKS Arka Gdynia,Miedź Legnica,3,2,1,0,7,1,2.33,0.33,2019-04-25,1 (2-0) | X (1-1) | 1 (4-0)
3111,7693,Wisła Kraków,Zagłębie Sosnowiec,3,0,1,2,6,8,2.00,2.67,2019-04-25,2 (1-2) | 2 (3-4) | X (2-2)
7693,35330,Zagłębie Sosnowiec,Miedź Legnica,3,2,1,0,7,3,2.33,1.00,2019-04-22,X (2-2) | 1 (2-0) | 1 (3-1)
7913,36766,KS Lechia Gdańsk,Sandecja Nowy Sącz,3,0,2,1,5,6,1.67,2.00,2018-05-19,X (1-1) | X (2-2) | 2 (2-3)
4901,36766,Cracovia,Sandecja Nowy Sącz,3,2,1,0,4,2,1.33,0.67,2018-05-12,1 (1-0) | 1 (2-1) | X (1-1)
36766,36851,Sandecja Nowy Sącz,Bruk-Bet Termalica Nieciecza,3,1,1,1,2,2,0.67,0.67,2018-05-08,X (1-1) | 2 (0-1) | 1 (1-0)
7918,36766,Piast Gliwice,Sandecja Nowy Sącz,3,1,1,1,6,4,2.00,1.33,2018-05-05,2 (1-2) | 1 (3-0) | X (2-2)
3117,36766,Pogoń Szczecin,Sandecja Nowy Sącz,3,2,0,1,7,3,2.33,1.00,2018-04-28,1 (2-0) | 1 (4-1) | 2 (1-2)
5064,36766,MZKS Arka Gdynia,Sandecja Nowy Sącz,3,1,1,1,6,3,2.00,1.00,2018-04-22,2 (1-3) | 1 (5-0) | X (0-0)
3108,36766,Śląsk Wrocław,Sandecja Nowy Sącz,3,1,2,0,2,1,0.67,0.33,2018-04-15,1 (1-0) | X (0-0) | X (1-1)
3125,5064,Górnik Łęczna,MZKS Arka Gdynia,3,1,1,1,4,3,1.33,1.00,2017-05-12,2 (0-1) | 1 (4-2) | X (0-0)
3105,3122,Ruch Chorzów,Wisła Płock,3,0,2,1,6,7,2.00,2.33,2017-04-29,X (1-1) | 2 (3-4) | X (2-2)
7919,36851,Podbeskidzie Bielsko-Biała,Bruk-Bet Termalica Nieciecza,3,2,0,1,4,1,1.33,0.33,2016-04-17,2 (0-1) | 1 (2-0) | 1 (2-0)
3125,3128,Górnik Łęczna,GKS Bełchatów,3,1,2,0,3,2,1.00,0.67,2015-06-05,1 (1-0) | X (1-1) | X (1-1)
3128,35329,GKS Bełchatów,Zawisza Bydgoszcz,3,0,0,3,3,10,1.00,3.33,2015-05-30,2 (1-4) | 2 (1-4) | 2 (1-2)
3125,35329,Górnik Łęczna,Zawisza Bydgoszcz,3,1,2,0,6,3,2.00,1.00,2015-05-22,X (1-1) | X (0-0) | 1 (5-2)
